{"Skelpolu - Together Alone": {"length": 14376601, "mean": 0.0016334585379809141, "std": 0.11554659903049469, "samplerate": 44100}, "Chris Durban - Celebrate": {"length": 13308750, "mean": -0.000494642648845911, "std": 0.11984775215387344, "samplerate": 44100}, "Grants - PunchDrunk": {"length": 9022943, "mean": -1.6479440091643482e-05, "std": 0.12609630823135376, "samplerate": 44100}, "Spike Mullings - Mike's Sulking": {"length": 11328187, "mean": -0.00043961164192296565, "std": 0.13508853316307068, "samplerate": 44100}, "A Classic Education - NightOwl": {"length": 7560512, "mean": 2.206354656664189e-05, "std": 0.1550811231136322, "samplerate": 44100}, "James May - If You Say": {"length": 11399850, "mean": -1.4005184311827179e-05, "std": 0.06404387205839157, "samplerate": 44100}, "Traffic Experiment - Sirens": {"length": 18586361, "mean": 0.008916198275983334, "std": 0.11385421454906464, "samplerate": 44100}, "James May - All Souls Moon": {"length": 9748069, "mean": -0.00013135423068888485, "std": 0.06659991294145584, "samplerate": 44100}, "Angela Thomas Wade - Milk Cow Blues": {"length": 9309038, "mean": -9.01006133062765e-05, "std": 0.09705455601215363, "samplerate": 44100}, "Hezekiah Jones - Borrowed Heart": {"length": 10653609, "mean": -1.6182066246983595e-05, "std": 0.10675626248121262, "samplerate": 44100}, "Triviul - Angelsaint": {"length": 10447256, "mean": -0.00021958042634651065, "std": 0.1319519579410553, "samplerate": 44100}, "Actions - South Of The Water": {"length": 7797007, "mean": -0.0005431654280982912, "std": 0.13645820319652557, "samplerate": 44100}, "Music Delta - Grunge": {"length": 1845768, "mean": -0.00045700851478613913, "std": 0.13255271315574646, "samplerate": 44100}, "Black Bloc - If You Want Success": {"length": 17584088, "mean": -0.00028039500466547906, "std": 0.10989393293857574, "samplerate": 44100}, "The So So Glos - Emergency": {"length": 7364700, "mean": -1.1655268281174358e-05, "std": 0.12754663825035095, "samplerate": 44100}, "James May - On The Line": {"length": 11301609, "mean": 7.115126209100708e-05, "std": 0.11677516996860504, "samplerate": 44100}, "Leaf - Wicked": {"length": 8415225, "mean": -0.00021031433425378054, "std": 0.0902370736002922, "samplerate": 44100}, "Creepoid - OldTree": {"length": 13327360, "mean": -9.052960376720876e-05, "std": 0.11610835045576096, "samplerate": 44100}, "Night Panther - Fire": {"length": 9393128, "mean": -0.00031148153357207775, "std": 0.11139750480651855, "samplerate": 44100}, "The Wrong'Uns - Rothko": {"length": 8923162, "mean": 0.0003167697577737272, "std": 0.11433780193328857, "samplerate": 44100}, "Actions - Devil's Words": {"length": 8679219, "mean": 0.00030098011484369636, "std": 0.14992189407348633, "samplerate": 44100}, "Drumtracks - Ghost Bitch": {"length": 15747834, "mean": -2.297924947924912e-05, "std": 0.09747366607189178, "samplerate": 44100}, "Remember December - C U Next Time": {"length": 10703664, "mean": -3.5045333788730204e-05, "std": 0.13427075743675232, "samplerate": 44100}, "Steven Clark - Bounty": {"length": 12765251, "mean": -1.542959944345057e-05, "std": 0.11360538005828857, "samplerate": 44100}, "BigTroubles - Phantom": {"length": 6479872, "mean": -1.9649227397167124e-05, "std": 0.17777523398399353, "samplerate": 44100}, "Jay Menon - Through My Eyes": {"length": 11173050, "mean": -5.616558701149188e-05, "std": 0.07411780953407288, "samplerate": 44100}, "Fergessen - Back From The Start": {"length": 7441678, "mean": -4.4708765926770866e-05, "std": 0.09884344786405563, "samplerate": 44100}, "Tim Taler - Stalker": {"length": 10487782, "mean": 0.00023597052495460957, "std": 0.08580990135669708, "samplerate": 44100}, "Dark Ride - Burning Bridges": {"length": 10268606, "mean": 2.9638475098181516e-05, "std": 0.15337225794792175, "samplerate": 44100}, "Music Delta - Beatles": {"length": 1604072, "mean": -0.0002113575756084174, "std": 0.17357739806175232, "samplerate": 44100}, "Bill Chudziak - Children Of No-one": {"length": 10184147, "mean": 0.0006658745696768165, "std": 0.10886853188276291, "samplerate": 44100}, "Music Delta - Country1": {"length": 1532160, "mean": -9.422241419088095e-05, "std": 0.13146713376045227, "samplerate": 44100}, "Music Delta - Disco": {"length": 5502796, "mean": 3.7313668144633994e-05, "std": 0.11945431679487228, "samplerate": 44100}, "Helado Negro - Mitad Del Mundo": {"length": 8019600, "mean": -2.891508484026417e-05, "std": 0.11569945514202118, "samplerate": 44100}, "Traffic Experiment - Once More (With Feeling)": {"length": 19195080, "mean": -0.0012484492035582662, "std": 0.1148764044046402, "samplerate": 44100}, "Invisible Familiars - Disturbing Wildlife": {"length": 9644414, "mean": -1.541296842333395e-05, "std": 0.11814389377832413, "samplerate": 44100}, "James May - Dont Let Go": {"length": 10678500, "mean": -2.8347918487270363e-05, "std": 0.09879672527313232, "samplerate": 44100}, "Auctioneer - Our Future Faces": {"length": 9167616, "mean": -0.00018839622498489916, "std": 0.13517972826957703, "samplerate": 44100}, "Music Delta - Reggae": {"length": 770104, "mean": -4.134886330575682e-05, "std": 0.1771422177553177, "samplerate": 44100}, "Lushlife - Toynbee Suite": {"length": 27719408, "mean": -0.00012019994028378278, "std": 0.11953458935022354, "samplerate": 44100}, "Cnoc An Tursa - Bannockburn": {"length": 12996309, "mean": -0.00026732328115031123, "std": 0.13220930099487305, "samplerate": 44100}, "Triviul - Dorothy": {"length": 8271302, "mean": 0.0004062094376422465, "std": 0.09533925354480743, "samplerate": 44100}, "Dreamers Of The Ghetto - Heavy Love": {"length": 13008896, "mean": -1.5195156265690457e-05, "std": 0.11092871427536011, "samplerate": 44100}, "Port St Willow - Stay Even": {"length": 13980352, "mean": -1.6161828170879744e-05, "std": 0.0832693949341774, "samplerate": 44100}, "Music Delta - Rockabilly": {"length": 1144358, "mean": -0.0001264565362362191, "std": 0.15688861906528473, "samplerate": 44100}, "Hop Along - Sister Cities": {"length": 12498897, "mean": -1.5230300050461665e-05, "std": 0.13382330536842346, "samplerate": 44100}, "Young Griffo - Pennies": {"length": 12259556, "mean": -0.00018268151325173676, "std": 0.13572479784488678, "samplerate": 44100}, "Music Delta - Hendrix": {"length": 875118, "mean": 6.186201790114865e-05, "std": 0.17254717648029327, "samplerate": 44100}, "Music Delta - Britpop": {"length": 1622389, "mean": -0.00032815212034620345, "std": 0.17509858310222626, "samplerate": 44100}, "ANiMAL - Rockshow": {"length": 7307212, "mean": 7.647206803085282e-05, "std": 0.1130087673664093, "samplerate": 44100}, "Clara Berry And Wooldog - Waltz For My Victims": {"length": 7736477, "mean": -3.8684127503074706e-05, "std": 0.08555573225021362, "samplerate": 44100}, "Leaf - Come Around": {"length": 11667994, "mean": 0.00018998151062987745, "std": 0.15629543364048004, "samplerate": 44100}, "Music Delta - Rock": {"length": 577320, "mean": -9.459637658437714e-05, "std": 0.17351442575454712, "samplerate": 44100}, "Strand Of Oaks - Spacestation": {"length": 10754304, "mean": -0.0001166671427199617, "std": 0.08421693742275238, "samplerate": 44100}, "Wall Of Death - Femme": {"length": 10545019, "mean": 0.00014138910046312958, "std": 0.14382685720920563, "samplerate": 44100}, "The Scarlet Brand - Les Fleurs Du Mal": {"length": 13390407, "mean": -7.855673902668059e-05, "std": 0.09663653373718262, "samplerate": 44100}, "The Long Wait - Back Home To Blue": {"length": 11494577, "mean": 8.2182559708599e-05, "std": 0.11877193301916122, "samplerate": 44100}, "The Districts - Vermont": {"length": 10061547, "mean": -1.334987609880045e-05, "std": 0.12553110718727112, "samplerate": 44100}, "Alexander Ross - Velvet Curtain": {"length": 22688931, "mean": 2.52995960181579e-05, "std": 0.0655733197927475, "samplerate": 44100}, "Titanium - Haunted Age": {"length": 10949536, "mean": -0.00046960244071669877, "std": 0.10764870047569275, "samplerate": 44100}, "Fergessen - Nos Palpitants": {"length": 8749912,